date,portfolio_value,cash_flow,holdings_value,signal
2024-01-01,9000.0,1000.0,0.0,buy: 累积期
2024-01-02,8991.49871145455,1000.0,991.4987114545489,buy: 累积期
2024-01-03,8991.595055128404,1000.0,1991.5950551284031,buy: 累积期
2024-01-04,8986.87314044016,1000.0,2986.873140440161,buy: 累积期
2024-01-05,8992.431847024693,1000.0,3992.4318470246926,buy: 累积期
2024-01-06,9014.501366466011,1000.0,5014.50136646601,buy: 累积期
2024-01-07,8944.208773937698,1000.0,5944.208773937698,buy: 累积期
2024-01-08,8909.089746365327,1000.0,6909.089746365327,buy: 累积期
2024-01-09,8886.764858532208,1000.0,7886.764858532208,buy: 累积期
2024-01-10,8735.389411221922,1000.0,8735.389411221922,buy: 累积期
2024-01-11,9722.26505498578,1000.0,9722.26505498578,buy: 累积期
2024-01-12,9673.519159064419,1000.0,9673.519159064419,buy: 累积期
2024-01-13,9639.546931493303,1000.0,9639.546931493303,buy: 累积期
2024-01-14,9833.660672489728,1000.0,9833.660672489728,buy: 累积期
2024-01-15,9829.983298410783,1000.0,9829.983298410783,buy: 累积期
2024-01-16,9861.70768913459,1000.0,9861.70768913459,buy: 累积期
2024-01-17,9739.258367262668,1000.0,9739.258367262668,buy: 累积期
2024-01-18,9686.220049766853,1000.0,9686.220049766853,buy: 累积期
2024-01-19,9680.44495842962,1000.0,9680.44495842962,buy: 累积期
2024-01-20,9698.749446628393,1000.0,9698.749446628393,buy: 累积期
2024-01-21,9756.285927068406,1000.0,9756.285927068406,buy: 累积期
2024-01-22,9698.288120021263,1000.0,9698.288120021263,buy: 累积期
2024-01-23,9607.463726322749,1000.0,9607.463726322749,buy: 累积期
2024-01-24,9640.566585859699,1000.0,9640.566585859699,buy: 累积期
2024-01-25,9683.874326069501,1000.0,9683.874326069501,buy: 累积期
2024-01-26,9555.180988646296,1000.0,9555.180988646296,buy: 累积期
2024-01-27,9704.319376193012,1000.0,9704.319376193012,buy: 累积期
2024-01-28,9698.91731577713,1000.0,9698.91731577713,buy: 累积期
2024-01-29,9716.932969363907,1000.0,9716.932969363907,buy: 累积期
2024-01-30,9705.96802650947,1000.0,9705.96802650947,buy: 累积期
2024-01-31,9780.998511690108,1000.0,9780.998511690108,buy: 累积期
2024-02-01,9887.91792408129,1000.0,9887.91792408129,buy: 累积期
2024-02-02,9870.964918554182,1000.0,9870.964918554182,buy: 累积期
2024-02-03,9912.616269373622,1000.0,9912.616269373622,buy: 累积期
2024-02-04,9855.005001415368,1000.0,9855.005001415368,buy: 累积期
2024-02-05,9901.667628502422,1000.0,9901.667628502422,buy: 累积期
2024-02-06,9977.265702770803,1000.0,9977.265702770803,buy: 累积期
2024-02-07,9950.939770809448,1000.0,9950.939770809448,buy: 累积期
2024-02-08,9939.611104565005,1000.0,9939.611104565005,buy: 累积期
2024-02-09,10000.837635536085,1000.0,10000.837635536085,buy: 累积期
2024-02-10,10087.75685805111,1000.0,10087.75685805111,buy: 累积期
2024-02-11,9971.508325413553,1000.0,9971.508325413553,buy: 累积期
2024-02-12,9914.44951497694,1000.0,9914.44951497694,buy: 累积期
2024-02-13,9979.682614715422,1000.0,9979.682614715422,buy: 累积期
2024-02-14,9967.658571888875,1000.0,9967.658571888875,buy: 累积期
2024-02-15,9916.159311368338,1000.0,9916.159311368338,buy: 累积期
2024-02-16,9922.085643686134,1000.0,9922.085643686134,buy: 累积期
2024-02-17,9961.398482183537,1000.0,9961.398482183537,buy: 累积期
2024-02-18,10071.16651184895,1000.0,10071.16651184895,buy: 累积期
2024-02-19,10108.752779586363,1000.0,10108.752779586363,buy: 累积期
2024-02-20,10036.870502585645,1000.0,10036.870502585645,buy: 累积期
2024-02-21,10037.090010486114,1000.0,10037.090010486114,buy: 累积期
2024-02-22,10010.978723754622,1000.0,10010.978723754622,buy: 累积期
2024-02-23,9952.013874972177,1000.0,9952.013874972177,buy: 累积期
2024-02-24,10015.191230511795,1000.0,10015.191230511795,buy: 累积期
2024-02-25,10009.214722082883,1000.0,10009.214722082883,buy: 累积期
2024-02-26,9969.07402508838,1000.0,9969.07402508838,buy: 累积期
2024-02-27,10012.535517150187,1000.0,10012.535517150187,buy: 累积期
2024-02-28,9951.65406705562,1000.0,9951.65406705562,buy: 累积期
2024-02-29,9892.267053513462,1000.0,9892.267053513462,buy: 累积期
2024-03-01,10035.483882443741,1000.0,10035.483882443741,buy: 累积期
2024-03-02,10163.830808445215,1000.0,10163.830808445215,buy: 累积期
2024-03-03,10076.991419440714,1000.0,10076.991419440714,buy: 累积期
2024-03-04,9955.013520484927,1000.0,9955.013520484927,buy: 累积期
2024-03-05,9936.542941562311,1000.0,9936.542941562311,buy: 累积期
2024-03-06,9956.390226603557,1000.0,9956.390226603557,buy: 累积期
2024-03-07,10053.28073063459,1000.0,10053.28073063459,buy: 累积期
2024-03-08,10082.253041932086,1000.0,10082.253041932086,buy: 累积期
2024-03-09,10056.233891108168,1000.0,10056.233891108168,buy: 累积期
2024-03-10,10118.000359853062,1000.0,10118.000359853062,buy: 累积期
2024-03-11,10124.803656193473,1000.0,10124.803656193473,buy: 累积期
2024-03-12,10266.027717561,1000.0,10266.027717561,buy: 累积期
2024-03-13,10253.832750714952,1000.0,10253.832750714952,buy: 累积期
2024-03-14,10271.408350118922,1000.0,10271.408350118922,buy: 累积期
2024-03-15,10353.660970097417,1000.0,10353.660970097417,buy: 累积期
2024-03-16,10243.876820413538,1000.0,10243.876820413538,buy: 累积期
2024-03-17,10326.591712824293,1000.0,10326.591712824293,buy: 累积期
2024-03-18,10419.156478164326,1000.0,10419.156478164326,buy: 累积期
2024-03-19,10541.204432043109,1000.0,10541.204432043109,buy: 累积期
2024-03-20,10498.070077549222,1000.0,10498.070077549222,buy: 累积期
2024-03-21,10547.630675746399,1000.0,10547.630675746399,buy: 累积期
2024-03-22,10528.976383750753,1000.0,10528.976383750753,buy: 累积期
2024-03-23,10436.821792973999,1000.0,10436.821792973999,buy: 累积期
2024-03-24,10359.780196778744,1000.0,10359.780196778744,buy: 累积期
2024-03-25,10335.536699053306,1000.0,10335.536699053306,buy: 累积期
2024-03-26,10528.327273045506,1000.0,10528.327273045506,buy: 累积期
2024-03-27,10508.89624682881,1000.0,10508.89624682881,buy: 累积期
2024-03-28,10482.693331622868,1000.0,10482.693331622868,buy: 累积期
2024-03-29,10407.228891216124,1000.0,10407.228891216124,buy: 累积期
2024-03-30,10329.21083691742,1000.0,10329.21083691742,buy: 累积期
2024-03-31,10394.756508946595,1000.0,10394.756508946595,buy: 累积期
2024-04-01,10470.560795404182,1000.0,10470.560795404182,buy: 累积期
2024-04-02,10498.622424346635,1000.0,10498.622424346635,buy: 累积期
2024-04-03,10435.894880934218,1000.0,10435.894880934218,buy: 累积期
2024-04-04,10456.097549526752,1000.0,10456.097549526752,buy: 累积期
2024-04-05,10569.328437762468,1000.0,10569.328437762468,buy: 累积期
2024-04-06,10649.135671086337,1000.0,10649.135671086337,buy: 累积期
2024-04-07,10603.72288950901,1000.0,10603.72288950901,buy: 累积期
2024-04-08,10576.669825122208,1000.0,10576.669825122208,buy: 累积期
2024-04-09,10513.412747943741,1000.0,10513.412747943741,buy: 累积期
2024-04-10,10548.938816308546,1000.0,10548.938816308546,buy: 累积期
2024-04-11,10571.4608312605,1000.0,10571.4608312605,buy: 累积期
2024-04-12,10481.444452553142,1000.0,10481.444452553142,buy: 累积期
2024-04-13,10525.344770542592,1000.0,10525.344770542592,buy: 累积期
2024-04-14,10473.940192423257,1000.0,10473.940192423257,buy: 累积期
2024-04-15,10601.132542830679,1000.0,10601.132542830679,buy: 累积期
2024-04-16,10546.660002788765,1000.0,10546.660002788765,buy: 累积期
2024-04-17,10548.751431399705,1000.0,10548.751431399705,buy: 累积期
2024-04-18,10646.810849378664,1000.0,10646.810849378664,buy: 累积期
2024-04-19,10653.61880521826,1000.0,10653.61880521826,buy: 累积期
2024-04-20,10603.342680359367,1000.0,10603.342680359367,buy: 累积期
2024-04-21,10645.335995485559,1000.0,10645.335995485559,buy: 累积期
2024-04-22,10563.125489142409,1000.0,10563.125489142409,buy: 累积期
2024-04-23,10632.296408549813,1000.0,10632.296408549813,buy: 累积期
2024-04-24,10760.905204207767,1000.0,10760.905204207767,buy: 累积期
2024-04-25,10957.415587697911,1000.0,10957.415587697911,buy: 累积期
2024-04-26,10917.577777090251,1000.0,10917.577777090251,buy: 累积期
2024-04-27,10981.846825485196,1000.0,10981.846825485196,buy: 累积期
2024-04-28,10973.073311352397,1000.0,10973.073311352397,buy: 累积期
2024-04-29,10887.222232563987,1000.0,10887.222232563987,buy: 累积期
2024-04-30,11007.686961230353,1000.0,11007.686961230353,buy: 累积期
2024-05-01,11015.5927978516,1000.0,11015.5927978516,buy: 累积期
2024-05-02,11112.231519093264,1000.0,11112.231519093264,buy: 累积期
2024-05-03,11131.618677872502,1000.0,11131.618677872502,buy: 累积期
2024-05-04,11258.444001064805,1000.0,11258.444001064805,buy: 累积期
2024-05-05,11260.183113773699,1000.0,11260.183113773699,buy: 累积期
2024-05-06,11377.337785310794,1000.0,11377.337785310794,buy: 累积期
2024-05-07,11322.408500251211,1000.0,11322.408500251211,buy: 累积期
2024-05-08,11479.485851371322,1000.0,11479.485851371322,buy: 累积期
2024-05-09,11576.820884421359,1000.0,11576.820884421359,buy: 累积期
2024-05-10,11594.517234298524,1000.0,11594.517234298524,buy: 累积期
2024-05-11,11568.234030881884,1000.0,11568.234030881884,buy: 累积期
2024-05-12,11657.264817413463,1000.0,11657.264817413463,buy: 累积期
2024-05-13,11687.75337347026,1000.0,11687.75337347026,buy: 累积期
2024-05-14,11661.21776064315,1000.0,11661.21776064315,buy: 累积期
2024-05-15,11682.600020194146,1000.0,11682.600020194146,buy: 累积期
2024-05-16,11659.958263105751,1000.0,11659.958263105751,buy: 累积期
2024-05-17,11679.071052250134,1000.0,11679.071052250134,buy: 累积期
2024-05-18,11690.813048556738,1000.0,11690.813048556738,buy: 累积期
2024-05-19,11686.630767046654,1000.0,11686.630767046654,buy: 累积期
2024-05-20,11636.542409308002,1000.0,11636.542409308002,buy: 累积期
2024-05-21,11714.816030476262,1000.0,11714.816030476262,buy: 累积期
2024-05-22,11493.737015569726,1000.0,11493.737015569726,buy: 累积期
2024-05-23,11526.72588919244,1000.0,11526.72588919244,buy: 累积期
2024-05-24,11600.174122530567,1000.0,11600.174122530567,buy: 累积期
2024-05-25,11592.747004637522,1000.0,11592.747004637522,buy: 累积期
2024-05-26,11473.680194698041,1000.0,11473.680194698041,buy: 累积期
2024-05-27,11420.273838140853,1000.0,11420.273838140853,buy: 累积期
2024-05-28,11255.872211242811,1000.0,11255.872211242811,buy: 累积期
2024-05-29,11285.01642540878,1000.0,11285.01642540878,buy: 累积期
2024-05-30,11474.078188541132,1000.0,11474.078188541132,buy: 累积期
2024-05-31,11482.781629285311,1000.0,11482.781629285311,buy: 累积期
2024-06-01,11447.391843606136,1000.0,11447.391843606136,buy: 累积期
2024-06-02,11380.648970451206,1000.0,11380.648970451206,buy: 累积期
2024-06-03,11430.534467456475,1000.0,11430.534467456475,buy: 累积期
2024-06-04,11380.910451562162,1000.0,11380.910451562162,buy: 累积期
2024-06-05,11323.049537349454,1000.0,11323.049537349454,buy: 累积期
2024-06-06,11365.660777284485,1000.0,11365.660777284485,buy: 累积期
2024-06-07,11336.4083052728,1000.0,11336.4083052728,buy: 累积期
2024-06-08,11520.823696968937,1000.0,11520.823696968937,buy: 累积期
2024-06-09,11475.091021763603,1000.0,11475.091021763603,buy: 累积期
2024-06-10,11546.940609796451,1000.0,11546.940609796451,buy: 累积期
2024-06-11,11679.632587828513,1000.0,11679.632587828513,buy: 累积期
2024-06-12,11856.041692291436,1000.0,11856.041692291436,buy: 累积期
2024-06-13,11939.651244281473,1000.0,11939.651244281473,buy: 累积期
2024-06-14,11884.646941258996,1000.0,11884.646941258996,buy: 累积期
2024-06-15,11920.214815732656,1000.0,11920.214815732656,buy: 累积期
2024-06-16,11989.878171811497,1000.0,11989.878171811497,buy: 累积期
2024-06-17,11791.81904183278,1000.0,11791.81904183278,buy: 累积期
2024-06-18,11784.496665093502,1000.0,11784.496665093502,buy: 累积期
2024-06-19,11864.162236330469,1000.0,11864.162236330469,buy: 累积期
2024-06-20,11800.401251283402,1000.0,11800.401251283402,buy: 累积期
2024-06-21,11753.168558003272,1000.0,11753.168558003272,buy: 累积期
2024-06-22,11722.879772107332,1000.0,11722.879772107332,buy: 累积期
2024-06-23,11640.442224928931,1000.0,11640.442224928931,buy: 累积期
2024-06-24,11547.53708376422,1000.0,11547.53708376422,buy: 累积期
2024-06-25,11601.017547271418,1000.0,11601.017547271418,buy: 累积期
2024-06-26,11710.488483238336,1000.0,11710.488483238336,buy: 累积期
2024-06-27,11698.714071654666,1000.0,11698.714071654666,buy: 累积期
2024-06-28,11684.518514645855,1000.0,11684.518514645855,buy: 累积期
2024-06-29,11660.67248366684,1000.0,11660.67248366684,buy: 累积期
2024-06-30,11505.96454557648,1000.0,11505.96454557648,buy: 累积期
2024-07-01,11540.570665766287,1000.0,11540.570665766287,buy: 累积期
2024-07-02,11598.780523175856,1000.0,11598.780523175856,buy: 累积期
2024-07-03,11658.176740382105,1000.0,11658.176740382105,buy: 累积期
2024-07-04,11671.266213852516,1000.0,11671.266213852516,buy: 累积期
2024-07-05,11636.783700363207,1000.0,11636.783700363207,buy: 累积期
2024-07-06,11630.467791320789,1000.0,11630.467791320789,buy: 累积期
2024-07-07,11540.182722327623,1000.0,11540.182722327623,buy: 累积期
2024-07-08,11603.592138366352,1000.0,11603.592138366352,buy: 累积期
2024-07-09,11750.172598590992,1000.0,11750.172598590992,buy: 累积期
2024-07-10,11779.932383581574,1000.0,11779.932383581574,buy: 累积期
2024-07-11,11964.27701292064,1000.0,11964.27701292064,buy: 累积期
2024-07-12,11905.420537220412,1000.0,11905.420537220412,buy: 累积期
2024-07-13,11887.837817307762,1000.0,11887.837817307762,buy: 累积期
2024-07-14,11919.44958565028,1000.0,11919.44958565028,buy: 累积期
2024-07-15,12075.618624057903,1000.0,12075.618624057903,buy: 累积期
2024-07-16,11943.896942231355,1000.0,11943.896942231355,buy: 累积期
2024-07-17,11874.192722653566,1000.0,11874.192722653566,buy: 累积期
2024-07-18,11855.425168937167,1000.0,11855.425168937167,buy: 累积期
2024-07-19,11792.850001963701,1000.0,11792.850001963701,buy: 累积期
2024-07-20,11881.099854711367,1000.0,11881.099854711367,buy: 累积期
2024-07-21,11854.589309336176,1000.0,11854.589309336176,buy: 累积期
2024-07-22,11893.07569885964,1000.0,11893.07569885964,buy: 累积期
2024-07-23,12009.56418808083,1000.0,12009.56418808083,buy: 累积期
2024-07-24,11980.312043336635,1000.0,11980.312043336635,buy: 累积期
2024-07-25,12200.652382888831,1000.0,12200.652382888831,buy: 累积期
2024-07-26,12236.432116131838,1000.0,12236.432116131838,buy: 累积期
2024-07-27,12227.797359829037,1000.0,12227.797359829037,buy: 累积期
2024-07-28,12200.080187514002,1000.0,12200.080187514002,buy: 累积期
2024-07-29,12063.737716817712,1000.0,12063.737716817712,buy: 累积期
2024-07-30,12079.53158033584,1000.0,12079.53158033584,buy: 累积期
2024-07-31,11987.25382604058,1000.0,11987.25382604058,buy: 累积期
2024-08-01,12020.045331725527,1000.0,12020.045331725527,buy: 累积期
2024-08-02,12110.831316349624,1000.0,12110.831316349624,buy: 累积期
2024-08-03,12098.872703032635,1000.0,12098.872703032635,buy: 累积期
2024-08-04,12076.579505677424,1000.0,12076.579505677424,buy: 累积期
2024-08-05,12073.902616506231,1000.0,12073.902616506231,buy: 累积期
2024-08-06,12020.261472021806,1000.0,12020.261472021806,buy: 累积期
2024-08-07,12196.245931045041,1000.0,12196.245931045041,buy: 累积期
2024-08-08,12144.73752345472,1000.0,12144.73752345472,buy: 累积期
2024-08-09,12238.347337912503,1000.0,12238.347337912503,buy: 累积期
2024-08-10,12272.359592512754,1000.0,12272.359592512754,buy: 累积期
2024-08-11,12220.203599860588,1000.0,12220.203599860588,buy: 累积期
2024-08-12,12361.224524937863,1000.0,12361.224524937863,buy: 累积期
2024-08-13,12295.413730121669,1000.0,12295.413730121669,buy: 累积期
2024-08-14,12481.81637588145,1000.0,12481.81637588145,buy: 累积期
2024-08-15,12456.783262850171,1000.0,12456.783262850171,buy: 累积期
2024-08-16,12559.76472569542,1000.0,12559.76472569542,buy: 累积期
2024-08-17,12531.62575132753,1000.0,12531.62575132753,buy: 累积期
2024-08-18,12446.339859895772,1000.0,12446.339859895772,buy: 累积期
2024-08-19,12348.540254453761,1000.0,12348.540254453761,buy: 累积期
2024-08-20,12286.844836374848,1000.0,12286.844836374848,buy: 累积期
2024-08-21,12309.730925866414,1000.0,12309.730925866414,buy: 累积期
2024-08-22,12189.113534131364,1000.0,12189.113534131364,buy: 累积期
2024-08-23,12258.82356359118,1000.0,12258.82356359118,buy: 累积期
2024-08-24,12282.740583537663,1000.0,12282.740583537663,buy: 累积期
2024-08-25,12337.759721883862,1000.0,12337.759721883862,buy: 累积期
2024-08-26,12358.798945709965,1000.0,12358.798945709965,buy: 累积期
2024-08-27,12475.928553097192,1000.0,12475.928553097192,buy: 累积期
2024-08-28,12495.181965645455,1000.0,12495.181965645455,buy: 累积期
2024-08-29,12352.285735579884,1000.0,12352.285735579884,buy: 累积期
2024-08-30,12425.303295016762,1000.0,12425.303295016762,buy: 累积期
2024-08-31,12392.690474103698,1000.0,12392.690474103698,buy: 累积期
2024-09-01,12446.318539408603,1000.0,12446.318539408603,buy: 累积期
2024-09-02,12562.328272395835,1000.0,12562.328272395835,buy: 累积期
2024-09-03,12455.581851523164,1000.0,12455.581851523164,buy: 累积期
2024-09-04,12556.241621363451,1000.0,12556.241621363451,buy: 累积期
2024-09-05,12530.381638727073,1000.0,12530.381638727073,buy: 累积期
2024-09-06,12607.857447834584,1000.0,12607.857447834584,buy: 累积期
2024-09-07,12638.756998021181,1000.0,12638.756998021181,buy: 正常区域
2024-09-08,12603.401289960133,1000.0,12603.401289960133,buy: 正常区域
2024-09-09,12552.34708758926,1000.0,12552.34708758926,buy: 正常区域
2024-09-10,12676.708575617124,1500.0,12676.708575617124,buy: 低估区域
2024-09-11,12815.112077674135,1000.0,12815.112077674135,buy: 正常区域
2024-09-12,13043.794708919888,1000.0,13043.794708919888,buy: 正常区域
2024-09-13,13021.816669755459,1000.0,13021.816669755459,buy: 正常区域
2024-09-14,13052.02293194021,1000.0,13052.02293194021,buy: 正常区域
2024-09-15,13158.211157046557,1000.0,13158.211157046557,buy: 正常区域
2024-09-16,13213.714513554725,1000.0,13213.714513554725,buy: 正常区域
2024-09-17,13173.372525329163,1000.0,13173.372525329163,buy: 正常区域
2024-09-18,13107.725838432872,1000.0,13107.725838432872,buy: 正常区域
2024-09-19,13106.92773614595,1000.0,13106.92773614595,buy: 正常区域
2024-09-20,13183.110469381678,1000.0,13183.110469381678,buy: 正常区域
2024-09-21,13188.24005589963,1000.0,13188.24005589963,buy: 正常区域
2024-09-22,13137.301386507552,1000.0,13137.301386507552,buy: 正常区域
2024-09-23,13041.898143819632,1000.0,13041.898143819632,buy: 正常区域
2024-09-24,12954.392941481381,1000.0,12954.392941481381,buy: 正常区域
2024-09-25,13173.040365311535,1000.0,13173.040365311535,buy: 正常区域
2024-09-26,13141.835430281104,1000.0,13141.835430281104,buy: 正常区域
2024-09-27,13025.373842404368,1000.0,13025.373842404368,buy: 正常区域
2024-09-28,12988.322913382624,1500.0,12988.322913382624,buy: 低估区域
2024-09-29,12880.12375437466,1500.0,12880.12375437466,buy: 低估区域
2024-09-30,12789.279725353255,1500.0,12789.279725353255,buy: 低估区域
2024-10-01,12667.893105891284,1500.0,12667.893105891284,buy: 低估区域
2024-10-02,12770.470917117595,1500.0,12770.470917117595,buy: 低估区域
2024-10-03,12642.29212470331,1500.0,12642.29212470331,buy: 低估区域
2024-10-04,12619.951368096004,1500.0,12619.951368096004,buy: 低估区域
2024-10-05,12778.277049483007,1500.0,12778.277049483007,buy: 低估区域
2024-10-06,12857.302955229941,1500.0,12857.302955229941,buy: 低估区域
2024-10-07,12736.528677671458,1500.0,12736.528677671458,buy: 低估区域
2024-10-08,12707.0837854758,1500.0,12707.0837854758,buy: 低估区域
2024-10-09,12592.865398166141,2000.0,12592.865398166141,buy: 极度低估
2024-10-10,12711.904669964184,1500.0,12711.904669964184,buy: 低估区域
2024-10-11,12779.511617913877,1500.0,12779.511617913877,buy: 低估区域
2024-10-12,12787.223462707649,1500.0,12787.223462707649,buy: 低估区域
2024-10-13,12901.495608508249,1500.0,12901.495608508249,buy: 低估区域
2024-10-14,12966.477295192673,1500.0,12966.477295192673,buy: 低估区域
2024-10-15,12957.56390173619,1500.0,12957.56390173619,buy: 低估区域
2024-10-16,12874.48577816501,1500.0,12874.48577816501,buy: 低估区域
2024-10-17,13043.598650655913,1500.0,13043.598650655913,buy: 低估区域
2024-10-18,12933.84488269567,1500.0,12933.84488269567,buy: 低估区域
2024-10-19,12917.351986570782,1500.0,12917.351986570782,buy: 低估区域
2024-10-20,12851.161518996916,1500.0,12851.161518996916,buy: 低估区域
2024-10-21,12855.67654641701,1500.0,12855.67654641701,buy: 低估区域
2024-10-22,12856.27178564934,1500.0,12856.27178564934,buy: 低估区域
2024-10-23,12893.842829038973,1500.0,12893.842829038973,buy: 低估区域
2024-10-24,12751.754452445879,1500.0,12751.754452445879,buy: 低估区域
2024-10-25,12656.13516574632,2000.0,12656.13516574632,buy: 极度低估
2024-10-26,12566.266062365024,2000.0,12566.266062365024,buy: 极度低估
2024-10-27,12522.526789735326,1500.0,12522.526789735326,buy: 低估区域
2024-10-28,12352.673679468058,2000.0,12352.673679468058,buy: 极度低估
2024-10-29,12468.317701607222,2000.0,12468.317701607222,buy: 极度低估
2024-10-30,12554.867817732571,2000.0,12554.867817732571,buy: 极度低估
2024-10-31,12394.236351756304,2000.0,12394.236351756304,buy: 极度低估
2024-11-01,12433.404828696854,2000.0,12433.404828696854,buy: 极度低估
2024-11-02,12318.795241505364,2000.0,12318.795241505364,buy: 极度低估
2024-11-03,12255.595595929064,2000.0,12255.595595929064,buy: 极度低估
2024-11-04,12385.21202738581,2000.0,12385.21202738581,buy: 极度低估
2024-11-05,12362.441411372718,1500.0,12362.441411372718,buy: 低估区域
2024-11-06,12402.592468729468,1500.0,12402.592468729468,buy: 低估区域
2024-11-07,12496.921618162965,1000.0,12496.921618162965,buy: 正常区域
2024-11-08,12686.763382480669,1500.0,12686.763382480669,buy: 低估区域
2024-11-09,12772.638127461727,1500.0,12772.638127461727,buy: 低估区域
2024-11-10,12568.325984651357,2000.0,12568.325984651357,buy: 极度低估
2024-11-11,12459.376171738313,2000.0,12459.376171738313,buy: 极度低估
2024-11-12,12405.37470462998,2000.0,12405.37470462998,buy: 极度低估
2024-11-13,12323.259219534984,2000.0,12323.259219534984,buy: 极度低估
2024-11-14,12165.637323548575,2000.0,12165.637323548575,buy: 极度低估
2024-11-15,12351.425388138226,1500.0,12351.425388138226,buy: 低估区域
2024-11-16,12268.348496435488,1500.0,12268.348496435488,buy: 低估区域
2024-11-17,12211.220801366326,1500.0,12211.220801366326,buy: 低估区域
2024-11-18,12157.255803674667,1500.0,12157.255803674667,buy: 低估区域
2024-11-19,12047.809552977185,1500.0,12047.809552977185,buy: 低估区域
2024-11-20,11966.180211261846,1500.0,11966.180211261846,buy: 低估区域
2024-11-21,12018.347088308406,1500.0,12018.347088308406,buy: 低估区域
2024-11-22,12036.020804726866,2000.0,12036.020804726866,buy: 极度低估
2024-11-23,12110.86175877365,1500.0,12110.86175877365,buy: 低估区域
2024-11-24,11841.18663009673,1500.0,11841.18663009673,buy: 低估区域
2024-11-25,11793.955233857265,1500.0,11793.955233857265,buy: 低估区域
2024-11-26,11641.538969630266,2000.0,11641.538969630266,buy: 极度低估
2024-11-27,11787.700114257928,1500.0,11787.700114257928,buy: 低估区域
2024-11-28,12022.225095732287,1000.0,12022.225095732287,buy: 正常区域
2024-11-29,12103.046646960465,1000.0,12103.046646960465,buy: 正常区域
2024-11-30,11984.805603737055,1000.0,11984.805603737055,buy: 正常区域
2024-12-01,11828.308345977739,1500.0,11828.308345977739,buy: 低估区域
2024-12-02,11898.42133071209,1500.0,11898.42133071209,buy: 低估区域
2024-12-03,12016.72204508548,1500.0,12016.72204508548,buy: 低估区域
2024-12-04,11990.842677961471,2000.0,11990.842677961471,buy: 极度低估
2024-12-05,12113.451973392985,1500.0,12113.451973392985,buy: 低估区域
2024-12-06,12162.549270535248,1000.0,12162.549270535248,buy: 正常区域
2024-12-07,12143.981479739501,1000.0,12143.981479739501,buy: 正常区域
2024-12-08,12018.793582134,1500.0,12018.793582134,buy: 低估区域
2024-12-09,12002.338587896424,1500.0,12002.338587896424,buy: 低估区域
2024-12-10,11975.389275743473,1000.0,11975.389275743473,buy: 正常区域
2024-12-11,12046.641052350273,1000.0,12046.641052350273,buy: 正常区域
2024-12-12,12156.632903644117,1500.0,12156.632903644117,buy: 低估区域
2024-12-13,12216.05593001526,1500.0,12216.05593001526,buy: 低估区域
2024-12-14,12279.3220238071,1000.0,12279.3220238071,buy: 正常区域
2024-12-15,12458.5052113869,1500.0,12458.5052113869,buy: 低估区域
2024-12-16,12507.005629700001,1000.0,12507.005629700001,buy: 正常区域
2024-12-17,12434.764508368997,1500.0,12434.764508368997,buy: 低估区域
2024-12-18,12495.13484873271,1500.0,12495.13484873271,buy: 低估区域
2024-12-19,12420.984269094488,1500.0,12420.984269094488,buy: 低估区域
2024-12-20,12341.185182224475,1500.0,12341.185182224475,buy: 低估区域
2024-12-21,12581.682091721792,1000.0,12581.682091721792,buy: 正常区域
2024-12-22,12540.839408618327,1000.0,12540.839408618327,buy: 正常区域
2024-12-23,12542.13894900329,1000.0,12542.13894900329,buy: 正常区域
2024-12-24,12712.430481785914,1000.0,12712.430481785914,buy: 正常区域
2024-12-25,12574.164535939608,1000.0,12574.164535939608,buy: 正常区域
2024-12-26,12779.470512758586,1000.0,12779.470512758586,buy: 正常区域
2024-12-27,12848.69596975348,1500.0,12848.69596975348,buy: 低估区域
2024-12-28,12826.071180701432,1500.0,12826.071180701432,buy: 低估区域
2024-12-29,12726.532100431345,1500.0,12726.532100431345,buy: 低估区域
2024-12-30,12534.811447951259,1500.0,12534.811447951259,buy: 低估区域
2024-12-31,12555.226874203077,1000.0,12555.226874203077,buy: 正常区域
2025-01-01,12601.960688140589,1500.0,12601.960688140589,buy: 低估区域
2025-01-02,12793.905849962293,1500.0,12793.905849962293,buy: 低估区域
2025-01-03,12807.673096736093,1500.0,12807.673096736093,buy: 低估区域
2025-01-04,12805.345937342834,1500.0,12805.345937342834,buy: 低估区域
2025-01-05,12638.717836401445,1500.0,12638.717836401445,buy: 低估区域
2025-01-06,12659.642761260031,2000.0,12659.642761260031,buy: 极度低估
2025-01-07,12675.4928050915,1500.0,12675.4928050915,buy: 低估区域
2025-01-08,12696.090996097582,1500.0,12696.090996097582,buy: 低估区域
2025-01-09,12592.08733134262,1500.0,12592.08733134262,buy: 低估区域
2025-01-10,12634.343501905474,1000.0,12634.343501905474,buy: 正常区域
2025-01-11,12488.186016059291,1000.0,12488.186016059291,buy: 正常区域
2025-01-12,12505.187700229268,1000.0,12505.187700229268,buy: 正常区域
2025-01-13,12372.500190775412,1000.0,12372.500190775412,buy: 正常区域
2025-01-14,12379.266031928546,1000.0,12379.266031928546,buy: 正常区域
2025-01-15,12458.056008397343,1000.0,12458.056008397343,buy: 正常区域
2025-01-16,12700.011326142521,1000.0,12700.011326142521,buy: 正常区域
2025-01-17,12631.06736827024,1000.0,12631.06736827024,buy: 正常区域
2025-01-18,12506.581666851465,1000.0,12506.581666851465,buy: 正常区域
2025-01-19,12632.683826518434,1000.0,12632.683826518434,buy: 正常区域
2025-01-20,12588.250545250841,1000.0,12588.250545250841,buy: 正常区域
2025-01-21,12521.321679771874,1000.0,12521.321679771874,buy: 正常区域
2025-01-22,12484.501242861255,1500.0,12484.501242861255,buy: 低估区域
2025-01-23,12639.02281436479,1000.0,12639.02281436479,buy: 正常区域
2025-01-24,12805.6891807106,1000.0,12805.6891807106,buy: 正常区域
2025-01-25,12716.018951452723,1000.0,12716.018951452723,buy: 正常区域
2025-01-26,12816.653584317339,1500.0,12816.653584317339,buy: 低估区域
2025-01-27,12757.392332371433,1000.0,12757.392332371433,buy: 正常区域
2025-01-28,12844.709373414431,1000.0,12844.709373414431,buy: 正常区域
2025-01-29,12895.819633239982,1000.0,12895.819633239982,buy: 正常区域
2025-01-30,12929.312637576117,1000.0,12929.312637576117,buy: 正常区域
2025-01-31,12890.194003865738,1500.0,12890.194003865738,buy: 低估区域
2025-02-01,12786.156166937892,1500.0,12786.156166937892,buy: 低估区域
2025-02-02,12818.896732310202,1500.0,12818.896732310202,buy: 低估区域
2025-02-03,12678.77715053222,1000.0,12678.77715053222,buy: 正常区域
2025-02-04,12531.049554883195,1000.0,12531.049554883195,buy: 正常区域
2025-02-05,12543.399451672169,1000.0,12543.399451672169,buy: 正常区域
2025-02-06,12520.66062398896,1500.0,12520.66062398896,buy: 低估区域
2025-02-07,12406.298599098254,1000.0,12406.298599098254,buy: 正常区域
2025-02-08,12502.724496614352,1000.0,12502.724496614352,buy: 正常区域
2025-02-09,12629.047498884931,1000.0,12629.047498884931,buy: 正常区域
2025-02-10,12536.18012909782,1000.0,12536.18012909782,buy: 正常区域
2025-02-11,12445.360417463029,1000.0,12445.360417463029,buy: 正常区域
2025-02-12,12449.165417786853,1500.0,12449.165417786853,buy: 低估区域
2025-02-13,12376.19028076279,1500.0,12376.19028076279,buy: 低估区域
2025-02-14,12357.972753992593,1500.0,12357.972753992593,buy: 低估区域
2025-02-15,12477.838060279428,1000.0,12477.838060279428,buy: 正常区域
2025-02-16,12482.817799135428,1500.0,12482.817799135428,buy: 低估区域
2025-02-17,12449.748077826456,1500.0,12449.748077826456,buy: 低估区域
2025-02-18,12468.572963912133,1500.0,12468.572963912133,buy: 低估区域
2025-02-19,12424.965381370474,1500.0,12424.965381370474,buy: 低估区域
2025-02-20,12662.795781481514,1500.0,12662.795781481514,buy: 低估区域
2025-02-21,12559.13056677026,1000.0,12559.13056677026,buy: 正常区域
2025-02-22,12473.101896044445,1500.0,12473.101896044445,buy: 低估区域
2025-02-23,12519.434218052587,1500.0,12519.434218052587,buy: 低估区域
2025-02-24,12601.170582581035,1500.0,12601.170582581035,buy: 低估区域
2025-02-25,12671.13993493557,1000.0,12671.13993493557,buy: 正常区域
2025-02-26,12554.743887389517,1500.0,12554.743887389517,buy: 低估区域
2025-02-27,12463.621099360029,1500.0,12463.621099360029,buy: 低估区域
2025-02-28,12326.204116371513,1500.0,12326.204116371513,buy: 低估区域
2025-03-01,12322.709384438405,1500.0,12322.709384438405,buy: 低估区域
2025-03-02,12342.61995940418,1500.0,12342.61995940418,buy: 低估区域
2025-03-03,12327.66765387442,1500.0,12327.66765387442,buy: 低估区域
2025-03-04,12357.41488059867,2000.0,12357.41488059867,buy: 极度低估
2025-03-05,12402.49855909215,2000.0,12402.49855909215,buy: 极度低估
2025-03-06,12411.537696899099,1500.0,12411.537696899099,buy: 低估区域
2025-03-07,12397.644036349366,1500.0,12397.644036349366,buy: 低估区域
2025-03-08,12312.80926088385,2000.0,12312.80926088385,buy: 极度低估
2025-03-09,12303.31816476176,2000.0,12303.31816476176,buy: 极度低估
2025-03-10,12166.92407575624,2000.0,12166.92407575624,buy: 极度低估
2025-03-11,12106.529455480204,2000.0,12106.529455480204,buy: 极度低估
2025-03-12,12041.431236894772,2000.0,12041.431236894772,buy: 极度低估
2025-03-13,12051.3104501843,2000.0,12051.3104501843,buy: 极度低估
2025-03-14,12074.47013059427,2000.0,12074.47013059427,buy: 极度低估
2025-03-15,12125.065548849465,2000.0,12125.065548849465,buy: 极度低估
2025-03-16,12148.774994500498,1500.0,12148.774994500498,buy: 低估区域
2025-03-17,12286.598057498828,1500.0,12286.598057498828,buy: 低估区域
2025-03-18,12228.80395620248,1500.0,12228.80395620248,buy: 低估区域
2025-03-19,12099.23520571955,2000.0,12099.23520571955,buy: 极度低估
2025-03-20,12093.878360035475,2000.0,12093.878360035475,buy: 极度低估
2025-03-21,12176.256774295427,2000.0,12176.256774295427,buy: 极度低估
2025-03-22,12261.716254972402,1500.0,12261.716254972402,buy: 低估区域
2025-03-23,12307.367473179896,1500.0,12307.367473179896,buy: 低估区域
2025-03-24,12399.691920307514,1500.0,12399.691920307514,buy: 低估区域
2025-03-25,12541.598550385017,1000.0,12541.598550385017,buy: 正常区域
2025-03-26,12520.790571894677,1000.0,12520.790571894677,buy: 正常区域
2025-03-27,12632.417885386261,1000.0,12632.417885386261,buy: 正常区域
2025-03-28,12603.722943390634,1000.0,12603.722943390634,buy: 正常区域
2025-03-29,12521.529842187663,1000.0,12521.529842187663,buy: 正常区域
2025-03-30,12634.076262386048,1000.0,12634.076262386048,buy: 正常区域
2025-03-31,12698.548072386331,1000.0,12698.548072386331,buy: 正常区域
2025-04-01,12686.467451988166,1000.0,12686.467451988166,buy: 正常区域
2025-04-02,12621.719543046413,1000.0,12621.719543046413,buy: 正常区域
2025-04-03,12859.908849685902,1000.0,12859.908849685902,buy: 正常区域
2025-04-04,12937.921671795317,1000.0,12937.921671795317,buy: 正常区域
2025-04-05,12839.44352899673,1000.0,12839.44352899673,buy: 正常区域
2025-04-06,12770.312408046146,1000.0,12770.312408046146,buy: 正常区域
2025-04-07,12678.416918106497,1000.0,12678.416918106497,buy: 正常区域
2025-04-08,12734.445258646867,1000.0,12734.445258646867,buy: 正常区域
2025-04-09,12536.801756827837,1500.0,12536.801756827837,buy: 低估区域
2025-04-10,12647.134076579492,1500.0,12647.134076579492,buy: 低估区域
2025-04-11,12655.948025043619,1500.0,12655.948025043619,buy: 低估区域
2025-04-12,12634.144495848459,1500.0,12634.144495848459,buy: 低估区域
2025-04-13,12643.209824357547,1000.0,12643.209824357547,buy: 正常区域
2025-04-14,12633.823783399846,1000.0,12633.823783399846,buy: 正常区域
2025-04-15,12558.428150768714,1000.0,12558.428150768714,buy: 正常区域
2025-04-16,12571.941892850917,1000.0,12571.941892850917,buy: 正常区域
2025-04-17,12577.025529882005,1500.0,12577.025529882005,buy: 低估区域
2025-04-18,12644.751192841586,1500.0,12644.751192841586,buy: 低估区域
2025-04-19,12507.882329658432,1500.0,12507.882329658432,buy: 低估区域
2025-04-20,12602.86065304821,1500.0,12602.86065304821,buy: 低估区域
2025-04-21,12646.330849799586,1500.0,12646.330849799586,buy: 低估区域
2025-04-22,12801.038238234347,1500.0,12801.038238234347,buy: 低估区域
2025-04-23,12878.055780926526,1500.0,12878.055780926526,buy: 低估区域
2025-04-24,12903.995068689876,1000.0,12903.995068689876,buy: 正常区域
2025-04-25,12824.318072324677,1000.0,12824.318072324677,buy: 正常区域
2025-04-26,12708.119822689483,1000.0,12708.119822689483,buy: 正常区域
2025-04-27,12869.999054636342,1000.0,12869.999054636342,buy: 正常区域
2025-04-28,12750.526971716097,1000.0,12750.526971716097,buy: 正常区域
2025-04-29,12831.892217426575,1000.0,12831.892217426575,buy: 正常区域
2025-04-30,12698.520787432612,1000.0,12698.520787432612,buy: 正常区域
2025-05-01,12830.533590046536,1500.0,12830.533590046536,buy: 低估区域
2025-05-02,12860.935001950018,1000.0,12860.935001950018,buy: 正常区域
2025-05-03,12819.558262699704,1000.0,12819.558262699704,buy: 正常区域
2025-05-04,12911.810282697188,1000.0,12911.810282697188,buy: 正常区域
2025-05-05,13096.428337381492,1000.0,13096.428337381492,buy: 正常区域
2025-05-06,13007.564873106197,1000.0,13007.564873106197,buy: 正常区域
2025-05-07,13181.680130073093,1000.0,13181.680130073093,buy: 正常区域
2025-05-08,13200.931156466253,1000.0,13200.931156466253,buy: 正常区域
2025-05-09,13408.164471924234,1000.0,13408.164471924234,buy: 正常区域
2025-05-10,13381.573636037196,1000.0,13381.573636037196,buy: 正常区域
2025-05-11,13404.340891301132,1000.0,13404.340891301132,buy: 正常区域
2025-05-12,13453.542088121461,1000.0,13453.542088121461,buy: 正常区域
2025-05-13,13533.039324090816,1000.0,13533.039324090816,buy: 正常区域
2025-05-14,13631.81926413931,1000.0,13631.81926413931,buy: 正常区域
2025-05-15,13690.92383638243,1000.0,13690.92383638243,buy: 正常区域
2025-05-16,13673.041514829161,1000.0,13673.041514829161,buy: 正常区域
2025-05-17,13622.589166724758,1000.0,13622.589166724758,buy: 正常区域
2025-05-18,13579.210816418006,1500.0,13579.210816418006,buy: 低估区域
2025-05-19,13628.383703955506,1000.0,13628.383703955506,buy: 正常区域
2025-05-20,13558.662023957564,1000.0,13558.662023957564,buy: 正常区域
2025-05-21,13682.964009405554,1000.0,13682.964009405554,buy: 正常区域
2025-05-22,13712.87249699407,1500.0,13712.87249699407,buy: 低估区域
2025-05-23,13772.374563568494,1500.0,13772.374563568494,buy: 低估区域
2025-05-24,13740.73517196861,1000.0,13740.73517196861,buy: 正常区域
2025-05-25,13783.594410112355,1000.0,13783.594410112355,buy: 正常区域
2025-05-26,13717.551793261724,1000.0,13717.551793261724,buy: 正常区域
2025-05-27,13777.137013260646,1000.0,13777.137013260646,buy: 正常区域
2025-05-28,13654.907220041772,1000.0,13654.907220041772,buy: 正常区域
2025-05-29,13521.457118860586,1000.0,13521.457118860586,buy: 正常区域
2025-05-30,13715.872063182831,1000.0,13715.872063182831,buy: 正常区域
2025-05-31,13614.802648427698,1000.0,13614.802648427698,buy: 正常区域
2025-06-01,13627.12344732627,1000.0,13627.12344732627,buy: 正常区域
2025-06-02,13645.88597727378,1000.0,13645.88597727378,buy: 正常区域
2025-06-03,13506.672556875434,1000.0,13506.672556875434,buy: 正常区域
2025-06-04,13469.03186117017,1000.0,13469.03186117017,buy: 正常区域
2025-06-05,13528.481513986211,1000.0,13528.481513986211,buy: 正常区域
2025-06-06,13625.527207983181,1000.0,13625.527207983181,buy: 正常区域
2025-06-07,13721.139528749003,1000.0,13721.139528749003,buy: 正常区域
2025-06-08,13790.447454399764,1000.0,13790.447454399764,buy: 正常区域
2025-06-09,13803.473280834105,1000.0,13803.473280834105,buy: 正常区域
2025-06-10,13912.666419956082,1000.0,13912.666419956082,buy: 正常区域
2025-06-11,14022.55184453475,500.0,14022.55184453475,buy: 高估区域
2025-06-12,13944.583577181018,500.0,13944.583577181018,buy: 高估区域
2025-06-13,13998.636265559875,500.0,13998.636265559875,buy: 高估区域
2025-06-14,14003.047781951407,500.0,14003.047781951407,buy: 高估区域
2025-06-15,13982.371011001542,500.0,13982.371011001542,buy: 高估区域
2025-06-16,13929.697370863829,500.0,13929.697370863829,buy: 高估区域
2025-06-17,13982.022696394964,500.0,13982.022696394964,buy: 高估区域
2025-06-18,14089.660924048232,1000.0,14089.660924048232,buy: 正常区域
2025-06-19,14082.218337614659,500.0,14082.218337614659,buy: 高估区域
2025-06-20,21183.40178736311,-0.0,14122.267858242072,sell: 极度高估
2025-06-21,13631.941771299415,500.0,7070.807842178379,buy: 高估区域
2025-06-22,13619.070208924408,500.0,7557.936279803373,buy: 高估区域
2025-06-23,13619.385454284922,500.0,8058.251525163886,buy: 高估区域
2025-06-24,13743.079746940915,500.0,8681.945817819878,buy: 高估区域
2025-06-25,13087.439729115933,1000.0,9026.305799994898,buy: 正常区域
2025-06-26,13038.054041387768,1000.0,9976.920112266733,buy: 正常区域
2025-06-27,12924.749701556444,1000.0,10863.615772435407,buy: 正常区域
2025-06-28,12973.387444134198,1000.0,11912.253515013163,buy: 正常区域
2025-06-29,12912.089257206502,1000.0,12850.955328085467,buy: 正常区域
2025-06-30,13891.524675120607,1000.0,13830.39074599957,buy: 正常区域
2025-07-01,13763.209788375589,1000.0,13702.075859254552,buy: 正常区域
2025-07-02,13826.136892119473,1000.0,13765.002962998436,buy: 正常区域
2025-07-03,13857.821831806745,1000.0,13796.687902685708,buy: 正常区域
2025-07-04,13879.224963447577,1000.0,13818.091034326542,buy: 正常区域
2025-07-05,14026.088204602085,1000.0,13964.95427548105,buy: 正常区域
2025-07-06,14052.643723960158,1000.0,13991.509794839123,buy: 正常区域
2025-07-07,14005.36843012225,1000.0,13944.234501001214,buy: 正常区域
2025-07-08,13954.417280551796,1000.0,13893.28335143076,buy: 正常区域
2025-07-09,13950.811836453027,1000.0,13889.677907331992,buy: 正常区域
2025-07-10,13953.69048037861,1500.0,13892.556551257574,buy: 低估区域
2025-07-11,14016.063908532553,1000.0,13954.929979411516,buy: 正常区域
2025-07-12,13860.952781413926,1000.0,13799.81885229289,buy: 正常区域
2025-07-13,13794.766315613,1000.0,13733.632386491963,buy: 正常区域
2025-07-14,13867.54892510295,1000.0,13806.414995981913,buy: 正常区域
2025-07-15,13844.67652000054,1000.0,13783.542590879504,buy: 正常区域
2025-07-16,13953.109623381264,1000.0,13891.975694260229,buy: 正常区域
2025-07-17,14137.866267274741,1000.0,14076.732338153704,buy: 正常区域
2025-07-18,14117.142665350239,1000.0,14056.008736229202,buy: 正常区域
2025-07-19,13975.270690524623,1500.0,13914.136761403588,buy: 低估区域
2025-07-20,13909.238360070722,1500.0,13848.104430949687,buy: 低估区域
2025-07-21,13875.799520616474,1000.0,13814.665591495439,buy: 正常区域
2025-07-22,13876.621186741002,1500.0,13815.487257619965,buy: 低估区域
2025-07-23,13920.439843296972,1500.0,13859.305914175937,buy: 低估区域
2025-07-24,14020.18154789284,1000.0,13959.047618771805,buy: 正常区域
2025-07-25,14058.341560336528,1000.0,13997.207631215493,buy: 正常区域
2025-07-26,13978.648066072092,1000.0,13917.514136951057,buy: 正常区域
2025-07-27,14099.518170057505,1000.0,14038.384240936468,buy: 正常区域
2025-07-28,14203.668605014118,1000.0,14142.534675893081,buy: 正常区域
2025-07-29,14265.078822310723,1000.0,14203.944893189688,buy: 正常区域
2025-07-30,14302.230911018833,500.0,14241.096981897797,buy: 高估区域
2025-07-31,14252.498410200522,1000.0,14191.364481079487,buy: 正常区域
2025-08-01,14171.376572157751,1000.0,14110.242643036714,buy: 正常区域
2025-08-02,14102.525187214462,500.0,14041.391258093425,buy: 高估区域
2025-08-03,13929.623862567601,1000.0,13868.489933446566,buy: 正常区域
2025-08-04,13995.448622227283,500.0,13934.314693106246,buy: 高估区域
2025-08-05,14021.755670772272,500.0,13960.621741651237,buy: 高估区域
2025-08-06,14082.231731232092,500.0,14021.097802111057,buy: 高估区域
2025-08-07,14078.580141024537,500.0,14017.4462119035,buy: 高估区域
2025-08-08,14047.21194683967,500.0,13986.078017718635,buy: 高估区域
2025-08-09,14111.659238039876,500.0,14050.52530891884,buy: 高估区域
2025-08-10,14239.729022230993,500.0,14178.595093109958,buy: 高估区域
2025-08-11,14473.811787683186,500.0,14412.67785856215,buy: 高估区域
2025-08-12,14435.807594973656,500.0,14374.67366585262,buy: 高估区域
2025-08-13,21423.913800092643,-0.0,14241.853247314404,sell: 极度高估
2025-08-14,13720.73538771027,500.0,7038.674834932032,buy: 高估区域
2025-08-15,13742.468658074959,500.0,7560.408105296721,buy: 高估区域
2025-08-16,13835.713733766212,500.0,8153.653180987973,buy: 高估区域
2025-08-17,18788.832445400687,-0.0,8737.847928414965,sell: 极度高估
2025-08-18,16578.8228399289,-0.0,4351.892215295451,sell: 极度高估
2025-08-19,15489.136609083534,-0.0,2174.8039896333908,sell: 极度高估
2025-08-20,14941.088329342292,-0.0,1084.5038065947654,sell: 极度高估
2025-08-21,14674.529922227477,-0.0,545.2969329866343,sell: 极度高估
2025-08-22,14538.057966959102,-0.0,272.54998514550687,sell: 极度高估
2025-08-23,14466.77263298298,-0.0,134.1764341129227,sell: 极度高估
2025-08-24,14434.146301894894,-0.0,67.70006868322291,sell: 极度高估
2025-08-25,14417.005829993632,-0.0,33.70639785464111,sell: 极度高估
2025-08-26,14408.654802270192,-0.0,16.903580087465894,sell: 极度高估
2025-08-27,14404.629023435058,-0.0,8.585200834887642,sell: 极度高估
2025-08-28,14402.476991499581,-0.0,4.288779266273562,sell: 极度高估
2025-08-29,14401.417671693735,-0.0,2.152972973616881,sell: 极度高估
2025-08-30,13900.327068883678,500.0,1.0623701635616243,buy: 高估区域
2025-08-31,13897.960080518302,500.0,498.6953817981846,buy: 高估区域
2025-09-01,13894.89064155726,500.0,995.6259428371425,buy: 高估区域
2025-09-02,13905.538079837948,500.0,1506.2733811178305,buy: 高估区域
2025-09-03,13916.470201179112,500.0,2017.2055024589963,buy: 高估区域
2025-09-04,13414.126674970474,1000.0,2514.861976250356,buy: 正常区域
2025-09-05,13923.876253265358,500.0,3524.6115545452417,buy: 高估区域
2025-09-06,16401.899714112988,-0.0,4001.7566769285786,sell: 极度高估
2025-09-07,15443.768739070994,-0.0,2029.083801257725,sell: 极度高估
2025-09-08,14949.443710889023,-0.0,1023.1725153838343,sell: 极度高估
2025-09-09,14693.754237151086,-0.0,511.6553610972654,sell: 极度高估
2025-09-10,14566.58567565035,-0.0,256.324533064355,sell: 极度高估
2025-09-11,14503.980305663385,-0.0,129.1461087182605,sell: 极度高估
2025-09-12,14471.720842962919,-0.0,64.59109734519534,sell: 极度高估
2025-09-13,14455.199250947071,-0.0,32.04633688623027,sell: 极度高估
2025-09-14,13938.939528476794,500.0,15.786614415954075,buy: 高估区域
2025-09-15,13936.029857317606,500.0,512.8769432567666,buy: 高估区域
2025-09-16,13429.980767434761,1000.0,1006.8278533739215,buy: 正常区域
2025-09-17,13451.615251730223,1000.0,2028.462337669383,buy: 正常区域
2025-09-18,13462.178388861063,1000.0,3039.025474800222,buy: 正常区域
2025-09-19,13463.98265241657,1000.0,4040.829738355729,buy: 正常区域
2025-09-20,13487.247744021797,1000.0,5064.094829960957,buy: 正常区域
2025-09-21,13506.468839975782,1000.0,6083.3159259149415,buy: 正常区域
2025-09-22,13454.61065653654,1000.0,7031.4577424757,buy: 正常区域
2025-09-23,13543.742742374036,1000.0,8120.5898283131955,buy: 正常区域
2025-09-24,13522.120192193071,1000.0,9098.967278132232,buy: 正常区域
2025-09-25,14088.147481458858,500.0,10164.994567398018,buy: 高估区域
2025-09-26,13669.129419976485,1000.0,10745.976505915645,buy: 正常区域
2025-09-27,13623.447204285018,1000.0,11700.294290224178,buy: 正常区域
2025-09-28,13570.741808993589,1000.0,12647.58889493275,buy: 正常区域
2025-09-29,14478.171291550709,1000.0,13555.018377489869,buy: 正常区域
2025-09-30,14169.010817694321,500.0,13745.857903633481,buy: 高估区域
2025-10-01,14567.613769754984,1000.0,14144.460855694144,buy: 正常区域
2025-10-02,14567.660386218975,1000.0,14144.507472158135,buy: 正常区域
2025-10-03,14625.822936981887,500.0,14202.670022921047,buy: 高估区域
2025-10-04,14790.074222222891,500.0,14366.921308162051,buy: 高估区域
2025-10-05,14708.02034362701,500.0,14284.86742956617,buy: 高估区域
2025-10-06,21941.738758543586,-0.0,14345.72389632183,sell: 极度高估
2025-10-07,14310.990380234955,500.0,7214.975518013199,buy: 高估区域
2025-10-08,14258.669918088122,500.0,7662.655055866367,buy: 高估区域
2025-10-09,14228.138798210097,500.0,8132.123935988342,buy: 高估区域
2025-10-10,14189.702583291719,500.0,8593.687721069964,buy: 高估区域
2025-10-11,14146.528028576236,500.0,9050.513166354482,buy: 高估区域
2025-10-12,19401.592903273377,-0.0,9537.052027367747,sell: 极度高估
2025-10-13,17002.669554101434,-0.0,4758.752452130537,sell: 极度高估
2025-10-14,15775.544585604308,-0.0,2354.4183224222766,sell: 极度高估
2025-10-15,14108.519570339206,500.0,1187.393307157173,buy: 高估区域
2025-10-16,14107.511390701018,500.0,1686.3851275189866,buy: 高估区域
2025-10-17,15719.018858799249,-0.0,2198.5950637448123,sell: 极度高估
2025-10-18,15163.269271132482,-0.0,1095.230317385363,sell: 极度高估
2025-10-19,14114.530904062723,500.0,546.4919503156058,buy: 高估区域
2025-10-20,14117.712596195304,500.0,1049.6736424481867,buy: 高估区域
2025-10-21,14107.767650026262,500.0,1539.7286962791436,buy: 高估区域
2025-10-22,13598.994689920917,1000.0,2030.9557361737993,buy: 正常区域
2025-10-23,13594.855613433498,1000.0,3026.8166596863794,buy: 正常区域
2025-10-24,13653.407416203194,1000.0,4085.3684624560765,buy: 正常区域
2025-10-25,13609.224071501061,1000.0,5041.185117753943,buy: 正常区域
2025-10-26,13635.93531604714,1000.0,6067.896362300023,buy: 正常区域
2025-10-27,13698.368652857644,1000.0,7130.329699110524,buy: 正常区域
2025-10-28,13747.715575438993,1000.0,8179.676621691875,buy: 正常区域
2025-10-29,13773.382442230717,1000.0,9205.343488483599,buy: 正常区域
2025-10-30,13745.432496760006,1000.0,10177.393543012888,buy: 正常区域
2025-10-31,13785.533175819302,1000.0,11217.494222072184,buy: 正常区域
2025-11-01,13871.671416520008,1000.0,12303.63246277289,buy: 正常区域
2025-11-02,13916.863384359884,1000.0,13348.824430612765,buy: 正常区域
2025-11-03,14739.774827343877,1000.0,14171.73587359676,buy: 正常区域
2025-11-04,14673.962621166495,1000.0,14105.923667419376,buy: 正常区域
2025-11-05,14736.362647622542,1000.0,14168.323693875423,buy: 正常区域
2025-11-06,14649.1106236543,1500.0,14081.071669907182,buy: 低估区域
2025-11-07,14751.471194882333,1000.0,14183.432241135215,buy: 正常区域
2025-11-08,14623.870493974135,1000.0,14055.831540227016,buy: 正常区域
2025-11-09,14657.247109379097,1000.0,14089.208155631979,buy: 正常区域
2025-11-10,14725.037486588022,1000.0,14156.998532840904,buy: 正常区域
2025-11-11,14743.247852666393,1000.0,14175.208898919274,buy: 正常区域
2025-11-12,14761.200647113075,1000.0,14193.161693365957,buy: 正常区域
2025-11-13,14653.72478197994,1000.0,14085.685828232821,buy: 正常区域
2025-11-14,14783.661969728499,1000.0,14215.62301598138,buy: 正常区域
2025-11-15,14801.281110323063,1000.0,14233.242156575945,buy: 正常区域
2025-11-16,14792.195013239241,1000.0,14224.156059492123,buy: 正常区域
2025-11-17,14348.349026827349,500.0,14280.31007308023,buy: 高估区域
2025-11-18,14930.102751999504,500.0,14862.063798252386,buy: 高估区域
2025-11-19,14946.935145782134,500.0,14878.896192035016,buy: 高估区域
2025-11-20,14875.210812258249,500.0,14807.17185851113,buy: 高估区域
2025-11-21,14807.802853502342,500.0,14739.763899755224,buy: 高估区域
2025-11-22,14564.679058687647,1000.0,14496.640104940529,buy: 正常区域
2025-11-23,14683.639108101195,500.0,14615.600154354077,buy: 高估区域
2025-11-24,14713.689412246233,500.0,14645.650458499114,buy: 高估区域
2025-11-25,14725.382068212559,500.0,14657.34311446544,buy: 高估区域
2025-11-26,22111.520891989003,-0.0,14695.65462549459,sell: 极度高估
2025-11-27,14206.413624399032,500.0,7290.547357904619,buy: 高估区域
2025-11-28,18596.851319545105,-0.0,7787.323368700462,sell: 极度高估
2025-11-29,16695.12080596097,-0.0,3923.728570077552,sell: 极度高估
2025-11-30,15731.479315993267,-0.0,1973.391386739899,sell: 极度高估
2025-12-01,15265.35403879799,-0.0,1004.844073029749,sell: 极度高估
2025-12-02,15017.31337589281,-0.0,504.535606749715,sell: 极度高估
2025-12-03,14896.35957500655,-0.0,255.72120390896993,sell: 极度高估
2025-12-04,14833.231977432493,-0.0,128.39573755660896,sell: 极度高估
2025-12-05,14801.4091898425,-0.0,64.38196664441256,sell: 极度高估
2025-12-06,14785.375390663688,-0.0,32.23211164373381,sell: 极度高估
2025-12-07,14777.14173927233,-0.0,15.99897350158377,sell: 极度高估
2025-12-08,14773.125488855574,-0.0,7.988482056552286,sell: 极度高估
2025-12-09,14771.107433257797,-0.0,3.9802843058489215,sell: 极度高估
2025-12-10,14770.097967520589,-0.0,1.9805457124282522,sell: 极度高估
2025-12-11,14769.61784977707,-0.0,1.0002853126050386,sell: 极度高估
2025-12-12,14769.375333790693,-0.0,0.5051795508174046,sell: 极度高估
2025-12-13,14769.246542730938,-0.0,0.25092566070837474,sell: 极度高估
2025-12-14,14769.184324122349,-0.0,0.12580470141232192,sell: 极度高估
2025-12-15,14769.152746290432,-0.0,0.06281791299831442,sell: 极度高估
2025-12-16,14769.13705822695,-0.0,0.03141989967712086,sell: 极度高估
2025-12-17,14769.129260389007,-0.0,0.015748041154529723,sell: 极度高估
2025-12-18,14769.125327191887,-0.0,0.007876562687403735,sell: 极度高估
2025-12-19,14769.123397142246,-0.0,0.003964342030210059,sell: 极度高估
2025-12-20,14769.12237331151,-0.0,0.001960340862667188,sell: 极度高估
2025-12-21,14769.121876820758,-0.0,0.0009759000746176215,sell: 极度高估
2025-12-22,14769.121633799323,-0.0,0.0004885857578893721,sell: 极度高估
2025-12-23,14769.121510104145,-0.0,0.00024326038916383665,sell: 极度高估
2025-12-24,14769.121451126422,-0.0,0.0001228551122269177,sell: 极度高估
2025-12-25,14769.121419764368,-0.0,6.099537129037604e-05,sell: 极度高估
2025-12-26,14769.12140493459,-0.0,3.077706312743338e-05,sell: 极度高估
2025-12-27,14769.121397353652,-0.0,1.546408124738977e-05,sell: 极度高估
2025-12-28,14769.121393492363,-0.0,7.735193411361804e-06,sell: 极度高估
2025-12-29,14769.12139164663,-0.0,3.926305764372041e-06,sell: 极度高估
2025-12-30,14769.121390652524,-0.0,1.9548000683632744e-06,sell: 极度高估
2025-12-31,14769.121390159009,-0.0,9.741907331866262e-07,sell: 极度高估
2026-01-01,14769.121389908287,-0.0,4.823134273779602e-07,sell: 极度高估
2026-01-02,14769.12138978732,-0.0,2.408997270335432e-07,sell: 极度高估
2026-01-03,14769.121389725033,-0.0,1.1907507755710797e-07,sell: 极度高估
2026-01-04,14769.121389694537,-0.0,5.905347346951106e-08,sell: 极度高估
2026-01-05,14769.12138968,-0.0,2.9678914108071037e-08,sell: 极度高估
2026-01-06,14769.12138967257,-0.0,1.4832843952817606e-08,sell: 极度高估
2026-01-07,14769.121389668791,-0.0,7.368642872176838e-09,sell: 极度高估
2026-01-08,14769.121389666956,-0.0,3.6890936455181204e-09,sell: 极度高估
2026-01-09,14769.121389666034,-0.0,1.8440317665200463e-09,sell: 极度高估
2026-01-10,14769.12138966557,-0.0,9.220261624764951e-10,sell: 极度高估
2026-01-11,14769.121389665339,-0.0,4.6273554948488085e-10,sell: 极度高估
2026-01-12,14769.121389665226,-0.0,2.305294886410065e-10,sell: 极度高估
2026-01-13,14769.121389665172,-0.0,1.1627459821244898e-10,sell: 极度高估
2026-01-14,14769.121389665142,-0.0,5.834878049620936e-11,sell: 极度高估
2026-01-15,14769.121389665128,-0.0,2.931104934160705e-11,sell: 极度高估
2026-01-16,14769.12138966512,-0.0,1.4687776917347085e-11,sell: 极度高估
2026-01-17,14769.121389665113,-0.0,7.39834568273356e-12,sell: 极度高估
2026-01-18,14769.12138966511,-0.0,3.755285286454169e-12,sell: 极度高估
